{
  "configuration": {
    "numChannels": 4,
    "radius": 42.42619407855182,
    "gap": 5,
    "turns": 1,
    "current": 0.7573805921448173,
    "targetHomogeneity": 0.85,
    "targetSNR": 50,
    "targetCoupling": 0.1
  },
  "elements": [
    {
      "id": 0,
      "position": {
        "x": 42.42619407855182,
        "y": 0,
        "z": 0
      },
      "rotation": {
        "x": 0,
        "y": 0,
        "z": 0
      },
      "dimensions": {
        "width": 61.642909818476596,
        "height": 150,
        "turns": 1
      },
      "current": 0.7573805921448173
    },
    {
      "id": 1,
      "position": {
        "x": 2.597855138915144e-15,
        "y": 42.42619407855182,
        "z": 0
      },
      "rotation": {
        "x": 0,
        "y": 0,
        "z": 1.5707963267948966
      },
      "dimensions": {
        "width": 61.642909818476596,
        "height": 150,
        "turns": 1
      },
      "current": 0.7573805921448173
    },
    {
      "id": 2,
      "position": {
        "x": -42.42619407855182,
        "y": 5.195710277830288e-15,
        "z": 0
      },
      "rotation": {
        "x": 0,
        "y": 0,
        "z": 3.141592653589793
      },
      "dimensions": {
        "width": 61.642909818476596,
        "height": 150,
        "turns": 1
      },
      "current": 0.7573805921448173
    },
    {
      "id": 3,
      "position": {
        "x": -7.793565416745432e-15,
        "y": -42.42619407855182,
        "z": 0
      },
      "rotation": {
        "x": 0,
        "y": 0,
        "z": 4.71238898038469
      },
      "dimensions": {
        "width": 61.642909818476596,
        "height": 150,
        "turns": 1
      },
      "current": 0.7573805921448173
    }
  ],
  "totalElements": 4,
  "generatedAt": "2025-12-02T00:48:56.455Z"
}