{
  "time": [
    0.0,
    0.01,
    0.02,
    0.03,
    0.04,
    0.05,
    0.06,
    0.07,
    0.08,
    0.09,
    0.1,
    0.11,
    0.12,
    0.13,
    0.14,
    0.15,
    0.16,
    0.17,
    0.18,
    0.19,
    0.2,
    0.21,
    0.22,
    0.23,
    0.24,
    0.25,
    0.26,
    0.27,
    0.28,
    0.29,
    0.3,
    0.31,
    0.32,
    0.33,
    0.34,
    0.35000000000000003,
    0.36,
    0.37,
    0.38,
    0.39,
    0.4,
    0.41000000000000003,
    0.42,
    0.43,
    0.44,
    0.45,
    0.46,
    0.47000000000000003,
    0.48,
    0.49,
    0.5,
    0.51,
    0.52,
    0.53,
    0.54,
    0.55,
    0.56,
    0.5700000000000001,
    0.58,
    0.59,
    0.6,
    0.61,
    0.62,
    0.63,
    0.64,
    0.65,
    0.66,
    0.67,
    0.68,
    0.6900000000000001,
    0.7000000000000001,
    0.71,
    0.72,
    0.73,
    0.74,
    0.75,
    0.76,
    0.77,
    0.78,
    0.79,
    0.8,
    0.81,
    0.8200000000000001,
    0.8300000000000001,
    0.84,
    0.85,
    0.86,
    0.87,
    0.88,
    0.89,
    0.9,
    0.91,
    0.92,
    0.93,
    0.9400000000000001,
    0.9500000000000001,
    0.96,
    0.97,
    0.98,
    0.99,
    1.0
  ],
  "omega_x": [
    2.820098283776412,
    2.8008807881236386,
    2.7952500354739165,
    2.8718967590927016,
    2.9367286374644093,
    2.93194921135589,
    2.958012571084111,
    3.0598541690065955,
    3.130706835929419,
    3.1374717557832503,
    3.189754123930627,
    3.306185748467325,
    3.373565184632843,
    3.3854749286558694,
    3.4544012703920575,
    3.5716737497125517,
    3.6242935673444205,
    3.632984152259573,
    3.7066926496299764,
    3.810040582237776,
    3.836865384931312,
    3.833924201152689,
    3.900409519314767,
    3.976370621023323,
    3.9687104169650804,
    3.947592862696298,
    3.9967881480519516,
    4.035310859236414,
    3.9885782673959955,
    3.946152029250037,
    3.9715747825461927,
    3.967548621734097,
    3.882347296839719,
    3.8197613584003274,
    3.8194331980108185,
    3.773379642489981,
    3.6557103778883353,
    3.57841276488352,
    3.5549004620230105,
    3.472712452335077,
    3.333241421042757,
    3.250129856412796,
    3.2097194498803487,
    3.101507596750033,
    2.954010404735462,
    2.87586384181084,
    2.8270407814036886,
    2.705303087905881,
    2.564547868788917,
    2.5020239810690184,
    2.453560429418929,
    2.3310110121424454,
    2.2104463541961548,
    2.1720150382206347,
    2.131037120299255,
    2.0184865694527363,
    1.928136842868975,
    1.9183367403755518,
    1.888746548190522,
    1.7934120367597723,
    1.7383468791134744,
    1.7566974347820687,
    1.7382566966039172,
    1.662796689051197,
    1.642439446794954,
    1.6832248049340452,
    1.6714819283651186,
    1.613913874691719,
    1.6223041919604009,
    1.675288378024095,
    1.6623712560676376,
    1.6168662187764586,
    1.6438219000194196,
    1.6957858194277908,
    1.6719188333085733,
    1.630304882124828,
    1.66326853343203,
    1.700109217014093,
    1.6555746443448776,
    1.6092508688264675,
    1.6354866084756938,
    1.6445153308573561,
    1.5716925331963036,
    1.5135815025940307,
    1.5223279577060618,
    1.4943654266701185,
    1.389461978076505,
    1.3156239196222494,
    1.2998223279937184,
    1.2307232482775876,
    1.0948643844423824,
    1.0054619458930336,
    0.9627598822530836,
    0.8540997606385615,
    0.6935568467712748,
    0.5929828202355225,
    0.5258496617449759,
    0.3846555349018908,
    0.2101498986400801,
    0.10628880358987436
  ],
  "omega_y": [
    2.2156350265875755,
    2.2224019159048436,
    2.2356565659803853,
    2.273042806135039,
    2.3101264141641127,
    2.3318814648737134,
    2.3641010744630866,
    2.418130791156304,
    2.4661247712775305,
    2.499302234238541,
    2.545679727706038,
    2.609687949399046,
    2.661727722474525,
    2.699823960261262,
    2.7526524469452154,
    2.817534575576078,
    2.8648969310412498,
    2.89975328619137,
    2.9498498976192797,
    3.0056263786667126,
    3.039319912885023,
    3.0627156739567933,
    3.10109597539185,
    3.138641686174121,
    3.151074457245313,
    3.1563320247156987,
    3.175828377301575,
    3.1884553549300745,
    3.174872833155473,
    3.1581751126687907,
    3.154703989147615,
    3.139312644297097,
    3.0987398124656393,
    3.0599131228119645,
    3.0331620001284465,
    2.990754411927542,
    2.926265591848191,
    2.868880173065808,
    2.8222921323797165,
    2.757757045510171,
    2.6760193121253275,
    2.6067856910695864,
    2.5468494719629544,
    2.4680609967376426,
    2.378229520524423,
    2.305799338625864,
    2.240780501275665,
    2.1571770420339953,
    2.0693391211650596,
    2.00272957683236,
    1.9410811354631465,
    1.861984982420727,
    1.7854321955442187,
    1.7323636508420475,
    1.6811132050659685,
    1.6140973787966078,
    1.5557370515425866,
    1.5211906091820866,
    1.4846048647445533,
    1.434203817137558,
    1.3973960108558234,
    1.382658740509311,
    1.3614346934573807,
    1.3284312507961715,
    1.3124602986952065,
    1.314837385236684,
    1.3059718516982903,
    1.2873861771176167,
    1.2876605147606077,
    1.3009120673767345,
    1.2982756291245898,
    1.2880525863918646,
    1.2969943265243842,
    1.3124221684315802,
    1.307933076617656,
    1.2981959608600062,
    1.3066565338886473,
    1.3146472427952747,
    1.2998293924199418,
    1.2824641242559507,
    1.2814072122486133,
    1.2731538240289415,
    1.2407910947697391,
    1.2090646996755707,
    1.1912099914154448,
    1.1603015019002758,
    1.1058818062349867,
    1.0557933545343376,
    1.016923012399307,
    0.9605142462978328,
    0.8831940829453436,
    0.8143062452700881,
    0.7539987990118135,
    0.6733491096032496,
    0.5762564836942541,
    0.4918522431071284,
    0.4135143333315448,
    0.3137980947401411,
    0.2036124196600173,
    0.11014653284195974
  ],