{
  "coil_name": "Quantum Knee Vascular Array",
  "num_elements": 16,
  "coil_radius": 0.12,
  "element_size": 0.08,
  "frequency": 127740000.0,
  "element_positions": [
    [
      0.12,
      0.0,
      0.0
    ],
    [
      0.1108655439013544,
      0.04592201188381077,
      0.01913417161825449
    ],
    [
      0.08485281374238571,
      0.0848528137423857,
      0.035355339059327376
    ],
    [
      0.04592201188381078,
      0.1108655439013544,
      0.04619397662556434
    ],
    [
      7.347880794884118e-18,
      0.12,
      0.05
    ],
    [
      -0.045922011883810766,
      0.1108655439013544,
      0.04619397662556434
    ],
    [
      -0.0848528137423857,
      0.08485281374238571,
      0.03535533905932738
    ],
    [
      -0.1108655439013544,
      0.04592201188381078,
      0.019134171618254495
    ],
    [
      -0.12,
      1.4695761589768237e-17,
      -6.123233995736766e-18
    ],
    [
      -0.1108655439013544,
      -0.04592201188381076,
      0.019134171618254484
    ],
    [
      -0.08485281374238572,
      -0.0848528137423857,
      0.035355339059327376
    ],
    [
      -0.045922011883810836,
      -0.11086554390135438,
      0.04619397662556433
    ],
    [
      -2.2043642384652355e-17,
      -0.12,
      0.05
    ],
    [
      0.0459220118838108,
      -0.11086554390135439,
      0.046193976625564334
    ],
    [
      0.0848528137423857,
      -0.08485281374238572,
      0.03535533905932738
    ],
    [
      0.11086554390135438,
      -0.04592201188381084,
      0.019134171618254522
    ]
  ],
  "overlap_fraction": 0.15,
  "fov": 0.16,
  "recommended_sequences": {
    "anatomical": {
      "type": "PD_FSE",
      "te": 30,
      "tr": 3000,
      "flip_angle": 90,
      "echo_train_length": 8
    },
    "vascular_tof": {
      "type": "TOF",
      "te": 3.5,
      "tr": 25,
      "flip_angle": 25,
      "flow_compensation": true
    },
    "phase_contrast": {
      "type": "PC",
      "te": 5,
      "tr": 30,
      "flip_angle": 20,
      "venc": 0.5
    }
  },
  "vascular_anatomy": {
    "arteries": {
      "popliteal": {
        "diameter_mm": 6.0,
        "flow_velocity_m_s": 0.4
      },
      "superior_lateral_genicular": {
        "diameter_mm": 2.0,
        "flow_velocity_m_s": 0.2
      },
      "superior_medial_genicular": {
        "diameter_mm": 2.0,
        "flow_velocity_m_s": 0.2
      },
      "inferior_lateral_genicular": {
        "diameter_mm": 1.5,
        "flow_velocity_m_s": 0.15
      },
      "inferior_medial_genicular": {
        "diameter_mm": 1.5,
        "flow_velocity_m_s": 0.15
      }
    },
    "veins": {
      "popliteal_vein": {
        "diameter_mm": 8.0,
        "flow_velocity_m_s": 0.15
      }
    }
  }
}